id;start_time;end_time
3d099b6c-02eb-4007-8bff-6ef9882ee0c5;2023-07-05T00:18:40;2023-07-04T17:59:07
caf9a94a-79b9-4f24-925f-7bc8f5d05aad;2023-07-04T16:53:50;2023-07-04T17:47:06
057183c8-752d-482d-8986-4787b4d83b65;2023-07-05T02:36:38;2023-07-05T11:40:11
bcc950ad-bf95-44c2-8ae9-5d0b6d0355bf;2023-07-05T07:39:44;2023-07-05T07:00:41
f742bef0-e428-4b0b-b852-defa6035d323;2023-07-05T14:11:36;2023-07-05T02:21:39
d67b4436-3d1a-42ff-ab9a-77765f9fb91b;2023-07-05T11:22:27;2023-07-05T01:20:05
f62bed54-55ad-46fa-8fa8-c788e9c2243a;2023-07-04T22:01:02;2023-07-05T11:09:37
2df1cb4e-c1ea-4961-98d4-903f684635a0;2023-07-05T13:16:58;2023-07-04T20:18:52
923def3c-6cd8-45ed-bcce-70c6196d4292;2023-07-05T01:41:24;2023-07-05T15:36:43
ee91c723-b3f8-41d7-8889-7e67f26b87af;2023-07-05T06:48:04;2023-07-05T02:12:14
